{"cameraMode":{"drawMode":0,"name":"Shaded","section":"Shading Mode"},"sceneLighting":true,"audioPlay":false,"sceneViewState":{"showFog":false,"showMaterialUpdate":false,"showSkybox":false,"showFlares":false,"showImageEffects":false,"showParticleSystems":false},"in2DMode":false,"pivot":{"x":32.308998107910159,"y":-9.346567153930664,"z":-7.300216197967529},"rotation":{"x":-0.08884397894144058,"y":-0.7752825617790222,"z":0.11195646971464157,"w":-0.6152312159538269},"size":41.659664154052737,"orthographic":false}