{"cameraMode":{"drawMode":0,"name":"Shaded","section":"Shading Mode"},"sceneLighting":true,"audioPlay":false,"sceneViewState":{"showFog":false,"showMaterialUpdate":false,"showSkybox":false,"showFlares":false,"showImageEffects":false,"showParticleSystems":false},"in2DMode":false,"pivot":{"x":7.049687385559082,"y":-12.066444396972657,"z":14.134422302246094},"rotation":{"x":0.20370762050151826,"y":0.09439828991889954,"z":-0.01973726786673069,"w":0.9742703437805176},"size":114.654296875,"orthographic":false}